字段名,字段标签,填写说明
ac_issue_type,空调问题类型,选择空调故障的具体类型：制冷效果差/不制冷/出热风/风量异常/异味/异响
ac_repair_history,空调维修历史,是否曾经维修过空调系统：是/否
ac_switch_status,AC开关状态,空调AC开关当前状态：开启/关闭
affect_traffic,是否影响交通,车辆停放是否影响道路通行：是/否
affected_part,受影响部位,漆面问题出现的具体部位：保险杠/引擎盖/车门/车顶/后备箱/其他
agree_upload_log,同意上传日志,客户是否同意上传车机日志用于分析：是/否
air_outlet,出风口选择,当前空调出风口设置：面部/脚部/前挡/混合
ambient_temp,环境温度,车辆所处环境的当前温度（单位：℃）
app_report_id,APP上报ID,手机APP生成的故障上报编号
app_version,APP版本,比亚迪汽车APP的版本号
appointment_date,预约日期,客户期望到店的日期（格式：YYYY-MM-DD）
appointment_no,预约单号,系统生成的预约单编号
appointment_time,预约时间,客户期望到店的时间段：上午/下午/具体时间点
battery_capacity,电池容量,车辆动力电池的额定容量（单位：kWh）
battery_impact_history,电池撞击历史,电池包是否曾经受过撞击：是/否
battery_warning_type,电池报警类型,动力电池故障灯或报警类型
brake_effectiveness,制动效果,当前制动系统的工作效果：正常/偏软/偏硬/异响
brake_warning_type,制动报警类型,制动系统故障灯类型：红色警告/黄色警告/ABS灯/ESP灯
charger_type,充电桩类型,使用的充电桩类型：快充/慢充/家用插座/刷卡式/非刷卡式
charging_issue_type,充电故障现象,预约充电出现的具体问题描述
charging_location,充电地点,车辆充电的具体位置：家庭/公司/公共充电站
circulation_mode,循环模式,空调内外循环设置：内循环/外循环
contact_phone,联系电话,客户的主要联系电话号码
current_location,当前位置,车辆当前所在的详细地址或位置描述
current_soc,当前电量,车辆当前的电池电量百分比（%）
customer_demand,客户诉求,客户对问题处理的具体要求或期望
customer_name,客户姓名,客户的姓名或称呼
destination,拖车目的地,道路救援拖车的目标地点：4S店/指定地址/家中
drivable_status,可行驶状态,车辆当前是否可以正常行驶：可正常行驶/建议停止驾驶/无法行驶
estimated_resolution_time,预计解决时间,预计完成维修或解决问题的时间
estimated_response_time,预计回复时间,技术部门预计回复客户的时间
eta,预计到达时间,救援人员预计到达客户位置的时间
expected_time,期望时间,客户期望救援或服务的具体时间
fan_speed,风量档位,空调风量设置的档位：1档/2档/3档/4档/5档/自动
fault_description,故障描述,客户描述的故障现象和详细情况
first_occurrence_date,首次发生时间,问题第一次出现的日期和时间
flood_history,涉水历史,电池包或车辆是否曾经涉水：是/否
handling_suggestion,处理建议,客服人员给出的初步处理建议或方案
has_accident_history,事故历史,车辆是否发生过事故：是/否
has_evidence,是否有证据,客户是否提供了故障截图或视频证据：是/否
has_modification,是否有改装,车辆近期是否进行过加装或改装：是/否
has_photos,是否有照片,客户是否提供了问题照片：已提供/未提供
has_screenshot,是否有截图,客户是否提供了故障截图：是/否
has_video,是否有视频,客户是否提供了故障视频：是/否
headunit_report_id,车机上报ID,车机系统生成的故障上报编号
headunit_version,车机版本,车机系统的软件版本号
inspection_arrangement,检测安排,车辆检测的具体安排：到店检测/上门检测/远程诊断
inspection_time,检测时长,预计完成检测所需的时间
is_safe_parked,是否安全停放,车辆是否停放在安全位置：是/否
issue_duration,问题持续时间,问题出现到当前的持续时间
issue_found_date,问题发现日期,客户首次发现问题的日期
issue_frequency,问题发生频率,问题出现的频率：偶发/频繁/每次启动都出现/持续存在
last_ac_repair_date,上次空调维修时间,空调系统上次维修的日期
last_charging_method,上次充电方式,最近一次使用的充电方式：快充/慢充/家用插座
last_drive_normal,上次行驶正常,上次行驶时车辆是否正常：是/否
last_maintenance_date,上次保养日期,车辆上次保养的日期
last_maintenance_mileage,上次保养里程,车辆上次保养时的行驶里程（公里）
last_repair_date,上次维修日期,相关部位上次维修的日期
last_success_time,上次成功时间,预约充电上次成功执行的时间
maintenance_type,保养类型,客户选择的保养类型：常规保养/大保养/特定项目
mileage,行驶里程,车辆当前的行驶里程数（公里）
modification_items,改装项目,车辆进行的加装或改装项目清单
need_loaner,需要备用车,客户是否需要提供代步车：是/否
need_pickup,需要接送车,客户是否需要上门取送车服务：是/否
need_rescue,需要道路救援,客户是否需要道路救援服务：是/否
need_towing,需要拖车,是否需要安排拖车服务：是/否
noise_condition,异响发生条件,异响出现的具体条件：颠簸路面/转向时/加速时/匀速行驶/特定车速
noise_frequency,异响频率,异响出现的频率：偶发/频繁/持续
noise_location,异响位置,异响发出的位置：前部/后部/左侧/右侧/顶部/底盘
noise_type,异响类型,异响的类型：底盘异响/发动机异响/风噪/胎噪/内饰异响/电机异响
paint_issue_type,漆面问题类型,漆面质量问题的类型：色差/流挂/橘皮/划痕/锈蚀/起泡/脱落
parking_duration,停放时长,车辆停放的时间长度
parking_environment,停车环境,车辆停放的环境：露天/地下车库/室内停车场
passenger_count,车上人数,车辆上的人员数量
phone_model,手机型号,客户使用的手机品牌和型号
plug_in_time,插枪时间,充电枪插入车辆的时间
preferred_store,偏好服务店,客户偏好的4S店或服务网点名称
preliminary_diagnosis,初步判断,客服或技术人员对问题的初步诊断结果
previous_success,之前是否成功,预约充电之前是否成功执行过：是/否
provide_loaner,提供代步车,是否为客户提供代步车：是/否
purchase_date,购车日期,车辆购买的上牌日期
recent_repair,近期维修,近期是否维修过相关部位：是/否
recover_after_restart,重启后恢复,重启系统后问题是否恢复：是/否
recovery_time,恢复时间,系统恢复正常所需的时间
remaining_range,剩余续航里程,车辆当前电量可行驶的里程数（公里）
remarks,客服备注,客服人员填写的补充说明或备注信息
remote_troubleshooting_steps,远程指导步骤,已尝试的远程故障排除操作步骤
repair_duration,维修时长,预计完成维修所需的时间
rescue_arrangement,救援安排,道路救援的具体安排内容
rescue_type,救援类型,客户需要的救援类型：拖车/现场抢修/搭电/送油/换胎
road_condition,路况,故障发生时的道路状况：平坦/颠簸/上坡/下坡/转弯
safety_instructions,安全提示,已告知客户的安全注意事项
scenario_when_occurred,发生场景,故障发生时的车辆状态：充电时/行驶时/静止时/启动时
scheduled_start_time,预约开始时间,预约充电设置的开始时间
service_advisor,服务顾问,负责接待的服务顾问姓名
service_store,服务店,客户预约的服务店名称
set_temp,设置温度,空调设置的目标温度（单位：℃）
soc,当前电量百分比,电池当前剩余电量百分比（%）
soc_when_scheduled,预约时电量,设置预约充电时的电池电量百分比（%）
specified_items,指定项目,客户指定的保养或维修项目清单
speed_when_occurred,发生时车速,故障发生时的车辆行驶速度（km/h）
startup_issue_type,启动问题类型,车辆启动问题的具体表现：无法启动/启动无反应/启动后熄火/启动困难
suggested_parking,建议停车地点,建议客户将车辆停放的位置
system_issue_type,系统问题类型,车机系统问题的类型：卡顿/黑屏/死机/闪退/无响应
transferred_to_tech,转交技术部门,是否已转交技术部门处理：是/否
trigger_operation,触发操作,导致问题出现的具体操作或行为
vehicle_location,车辆位置,车辆当前所在的详细位置描述
vehicle_status,车辆状态,车辆当前的整体状态：可正常行驶/限速行驶/无法行驶/建议停止驾驶
vehicle_status_when_issue,问题发生时车辆状态,问题出现时车辆的状态：行驶中/静止状态/充电中
vehicle_system,车系,车辆的品牌和型号系列
vehicle_type,车辆类型,车辆的动力类型：纯电动/插电混动/燃油
vin_code,车架号,车辆识别代号（VIN码）
warning_light_status,故障灯状态,仪表板故障灯的显示状态：正常/常亮/闪烁/多个灯亮
warning_time,报警时间,故障报警出现的具体时间
weather_condition,天气情况,当前的天气状况：晴天/雨天/雪天/高温天气/寒冷天气
